window_start,window_time
400,2014-06-04 11:22:01
406,2014-06-04 12:22:01
412,2014-06-04 13:22:01
418,2014-06-04 14:22:01
424,2014-06-04 15:22:01
430,2014-06-04 16:22:01
436,2014-06-04 17:22:01
442,2014-06-04 18:22:01
448,2014-06-04 19:22:01
454,2014-06-04 20:22:01
460,2014-06-04 21:22:01
466,2014-06-04 22:22:01
472,2014-06-04 23:22:01
478,2014-06-05 00:22:01
484,2014-06-05 01:22:01
490,2014-06-05 02:22:01
496,2014-06-05 03:22:01
502,2014-06-05 04:22:01
508,2014-06-05 05:22:01
514,2014-06-05 06:22:01
520,2014-06-05 07:22:01
526,2014-06-05 08:22:01
532,2014-06-05 09:22:01
538,2014-06-05 10:22:01
544,2014-06-05 11:22:01
550,2014-06-05 12:22:01
556,2014-06-05 13:22:01
562,2014-06-05 14:22:01
568,2014-06-05 15:22:01
574,2014-06-05 16:22:01
580,2014-06-05 17:22:01
586,2014-06-05 18:22:01
592,2014-06-05 19:22:01
598,2014-06-05 20:22:01
604,2014-06-05 21:22:01
610,2014-06-05 22:22:01
616,2014-06-05 23:22:01
622,2014-06-06 00:22:01
628,2014-06-06 01:22:01
634,2014-06-06 02:22:01
640,2014-06-06 03:22:01
646,2014-06-06 04:22:01
652,2014-06-06 05:22:01
658,2014-06-06 06:22:01
664,2014-06-06 07:22:01
670,2014-06-06 08:22:01
676,2014-06-06 09:22:01
682,2014-06-06 10:22:01
688,2014-06-06 11:22:01
694,2014-06-06 12:22:01
700,2014-06-06 13:22:01
706,2014-06-06 14:22:01
712,2014-06-06 15:22:01
718,2014-06-06 16:22:01
724,2014-06-06 17:22:01
730,2014-06-06 18:22:01
736,2014-06-06 19:22:01
742,2014-06-06 20:22:01
748,2014-06-06 21:22:01
754,2014-06-06 22:22:01
760,2014-06-06 23:22:01
766,2014-06-07 00:22:01
772,2014-06-07 01:22:01
778,2014-06-07 02:22:01
784,2014-06-07 03:22:01
790,2014-06-07 04:22:01
796,2014-06-07 05:22:01
802,2014-06-07 06:22:01
808,2014-06-07 07:22:01
814,2014-06-07 08:22:01
820,2014-06-07 09:22:01
826,2014-06-07 10:22:01
832,2014-06-07 11:22:01
838,2014-06-07 12:22:01
844,2014-06-07 13:22:01
850,2014-06-07 14:22:01
856,2014-06-07 15:22:01
862,2014-06-07 16:22:01
868,2014-06-07 17:22:01
874,2014-06-07 18:22:01
880,2014-06-07 19:22:01
886,2014-06-07 20:22:01
892,2014-06-07 21:22:01
898,2014-06-07 22:22:01
904,2014-06-07 23:22:01
910,2014-06-08 00:22:01
916,2014-06-08 01:22:01
922,2014-06-08 02:22:01
928,2014-06-08 03:22:01
934,2014-06-08 04:22:01
940,2014-06-08 05:22:01
946,2014-06-08 06:22:01
952,2014-06-08 07:22:01
958,2014-06-08 08:22:01
964,2014-06-08 09:22:01
970,2014-06-08 10:22:01
976,2014-06-08 11:22:01
982,2014-06-08 12:22:01
988,2014-06-08 13:22:01
994,2014-06-08 14:22:01
1000,2014-06-08 15:22:01
1006,2014-06-08 16:22:01
1012,2014-06-08 17:22:01
1018,2014-06-08 18:22:01
1024,2014-06-08 19:22:01
1030,2014-06-08 20:22:01
1036,2014-06-08 21:22:01
1042,2014-06-08 22:22:01
1048,2014-06-08 23:22:01
1054,2014-06-09 00:22:01
1060,2014-06-09 01:22:01
1066,2014-06-09 02:22:01
1072,2014-06-09 03:22:01
1078,2014-06-09 04:22:01
1084,2014-06-09 05:22:01
1090,2014-06-09 06:22:01
1096,2014-06-09 07:22:01
1102,2014-06-09 08:22:01
1108,2014-06-09 09:22:01
1114,2014-06-09 10:22:01
1120,2014-06-09 11:22:01
1126,2014-06-09 12:22:01
1132,2014-06-09 13:22:01
1138,2014-06-09 14:22:01
1144,2014-06-09 15:22:01
1150,2014-06-09 16:22:01
1156,2014-06-09 17:22:01
1162,2014-06-09 18:22:01
1168,2014-06-09 19:22:01
1174,2014-06-09 20:22:01
1180,2014-06-09 21:22:01
1186,2014-06-09 22:22:01
1192,2014-06-09 23:22:01
1198,2014-06-10 00:22:01
1204,2014-06-10 01:22:01
1210,2014-06-10 02:22:01
1216,2014-06-10 03:22:01
1222,2014-06-10 04:22:01
1228,2014-06-10 05:22:01
1234,2014-06-10 06:22:01
1240,2014-06-10 07:22:01
1246,2014-06-10 08:22:01
1252,2014-06-10 09:22:01
1258,2014-06-10 10:22:01
1264,2014-06-10 11:22:01
1270,2014-06-10 12:22:01
1276,2014-06-10 13:22:01
1282,2014-06-10 14:22:01
1288,2014-06-10 15:22:01
1294,2014-06-10 16:22:01
1300,2014-06-10 17:22:01
1306,2014-06-10 18:22:01
1312,2014-06-10 19:22:01
1318,2014-06-10 20:22:01
1324,2014-06-10 21:22:01
1330,2014-06-10 22:22:01
1336,2014-06-10 23:22:01
1342,2014-06-11 00:22:01
1348,2014-06-11 01:22:01
1354,2014-06-11 02:22:01
1360,2014-06-11 03:22:01
1366,2014-06-11 04:22:01
1372,2014-06-11 05:22:01
1378,2014-06-11 06:22:01
1384,2014-06-11 07:22:01
1390,2014-06-11 08:22:01
1396,2014-06-11 09:22:01
1402,2014-06-11 10:22:01
1408,2014-06-11 11:22:01
1414,2014-06-11 12:22:01
1420,2014-06-11 13:22:01
1426,2014-06-11 14:22:01
1432,2014-06-11 15:22:01
1438,2014-06-11 16:22:01
1444,2014-06-11 17:22:01
1450,2014-06-11 18:22:01
1456,2014-06-11 19:22:01
1462,2014-06-11 20:22:01
1468,2014-06-11 21:22:01
1474,2014-06-11 22:22:01
1480,2014-06-11 23:22:01
1486,2014-06-12 00:22:01
1492,2014-06-12 01:22:01
1498,2014-06-12 02:22:01
1504,2014-06-12 03:22:01
1510,2014-06-12 04:22:01
1516,2014-06-12 05:22:01
1522,2014-06-12 06:22:01
1528,2014-06-12 07:22:01
1534,2014-06-12 08:22:01
1540,2014-06-12 09:22:01
1546,2014-06-12 10:22:01
1552,2014-06-12 11:22:01
1558,2014-06-12 12:22:01
1564,2014-06-12 13:22:01
1570,2014-06-12 14:22:01
1576,2014-06-12 15:22:01
1582,2014-06-12 16:22:01
1588,2014-06-12 17:22:01
1594,2014-06-12 18:22:01
1600,2014-06-12 19:22:01
1606,2014-06-12 20:22:01
1612,2014-06-12 21:22:01
1618,2014-06-12 22:22:01
1624,2014-06-12 23:22:01
1630,2014-06-13 00:22:01
1636,2014-06-13 01:22:01
1642,2014-06-13 02:22:01
1648,2014-06-13 03:22:01
1654,2014-06-13 04:22:01
1660,2014-06-13 05:22:01
1666,2014-06-13 06:22:01
1672,2014-06-13 07:22:01
1678,2014-06-13 08:22:01
1684,2014-06-13 09:22:01
1690,2014-06-13 10:22:01
1696,2014-06-13 11:22:01
1702,2014-06-13 12:22:01
1708,2014-06-13 13:22:01
1714,2014-06-13 14:22:01
1720,2014-06-13 15:22:01
1726,2014-06-13 16:22:01
1732,2014-06-13 17:22:01
1738,2014-06-13 18:22:01
1744,2014-06-13 19:22:01
1750,2014-06-13 20:22:01
1756,2014-06-13 21:22:01
1762,2014-06-13 22:22:01
1768,2014-06-13 23:22:01
1774,2014-06-14 00:22:01
1780,2014-06-14 01:22:01
1786,2014-06-14 02:22:01
1792,2014-06-14 03:22:01
1798,2014-06-14 04:22:01
1804,2014-06-14 05:22:01
1810,2014-06-14 06:22:01
1816,2014-06-14 07:22:01
1822,2014-06-14 08:22:01
1828,2014-06-14 09:22:01
1834,2014-06-14 10:22:01
1840,2014-06-14 11:22:01
1846,2014-06-14 12:22:01
1852,2014-06-14 13:22:01
1858,2014-06-14 14:22:01
1864,2014-06-14 15:22:01
1870,2014-06-14 16:22:01
1876,2014-06-14 17:22:01
1882,2014-06-14 18:22:01
1888,2014-06-14 19:22:01
1894,2014-06-14 20:22:01
1900,2014-06-14 21:22:01
1906,2014-06-14 22:22:01
1912,2014-06-14 23:22:01
1918,2014-06-15 00:22:01
1924,2014-06-15 01:22:01
1930,2014-06-15 02:22:01
1936,2014-06-15 03:22:01
1942,2014-06-15 04:22:01
1948,2014-06-15 05:22:01
1954,2014-06-15 06:22:01
1960,2014-06-15 07:22:01
1966,2014-06-15 08:22:01
1972,2014-06-15 09:22:01
1978,2014-06-15 10:22:01
1984,2014-06-15 11:22:01
1990,2014-06-15 12:22:01
1996,2014-06-15 13:22:01
2002,2014-06-15 14:22:01
2008,2014-06-15 15:22:01
2014,2014-06-15 16:22:01
2020,2014-06-15 17:22:01
2026,2014-06-15 18:22:01
2032,2014-06-15 19:22:01
2038,2014-06-15 20:22:01
2044,2014-06-15 21:22:01
2050,2014-06-15 22:22:01
2056,2014-06-15 23:22:01
2062,2014-06-16 00:22:01
2068,2014-06-16 01:22:01
2074,2014-06-16 02:22:01
2080,2014-06-16 03:22:01
2086,2014-06-16 04:22:01
2092,2014-06-16 05:22:01
2098,2014-06-16 06:22:01
2104,2014-06-16 07:22:01
2110,2014-06-16 08:22:01
2116,2014-06-16 09:22:01
2122,2014-06-16 10:22:01
2128,2014-06-16 11:22:01
2134,2014-06-16 12:22:01
2140,2014-06-16 13:22:01
2146,2014-06-16 14:22:01
2152,2014-06-16 15:22:01
2158,2014-06-16 16:22:01
2164,2014-06-16 17:22:01
2170,2014-06-16 18:22:01
2176,2014-06-16 19:22:01
2182,2014-06-16 20:22:01
2188,2014-06-16 21:22:01
2194,2014-06-16 22:22:01
2200,2014-06-16 23:22:01
2206,2014-06-17 00:22:01
2212,2014-06-17 01:22:01
2218,2014-06-17 02:22:01
2224,2014-06-17 03:22:01
2230,2014-06-17 04:22:01
2236,2014-06-17 05:22:01
2242,2014-06-17 06:22:01
2248,2014-06-17 07:22:01
2254,2014-06-17 08:22:01
2260,2014-06-17 09:22:01
2266,2014-06-17 10:22:01
2272,2014-06-17 11:22:01
2278,2014-06-17 12:22:01
2284,2014-06-17 13:22:01
2290,2014-06-17 14:22:01
2296,2014-06-17 15:22:01
2302,2014-06-17 16:22:01
2308,2014-06-17 17:22:01
2314,2014-06-17 18:22:01
2320,2014-06-17 19:22:01
2326,2014-06-17 20:22:01
2332,2014-06-17 21:22:01
2338,2014-06-17 22:22:01
2344,2014-06-17 23:22:01
2350,2014-06-18 00:22:01
2356,2014-06-18 01:22:01
2362,2014-06-18 02:22:01
2368,2014-06-18 03:22:01
2374,2014-06-18 04:22:01
2380,2014-06-18 05:22:01
2386,2014-06-18 06:22:01
2392,2014-06-18 07:22:01
2398,2014-06-18 08:22:01
2404,2014-06-18 09:22:01
2410,2014-06-18 10:22:01
2416,2014-06-18 11:22:01
2422,2014-06-18 12:22:01
2428,2014-06-18 13:22:01
2434,2014-06-18 14:22:01
2440,2014-06-18 15:22:01
2446,2014-06-18 16:22:01
2452,2014-06-18 17:22:01
2458,2014-06-18 18:22:01
2464,2014-06-18 19:22:01
2470,2014-06-18 20:22:01
2476,2014-06-18 21:22:01
2482,2014-06-18 22:22:01
2488,2014-06-18 23:22:01
2494,2014-06-19 00:22:01
2500,2014-06-19 01:22:01
2506,2014-06-19 02:22:01
2512,2014-06-19 03:22:01
2518,2014-06-19 04:22:01
2524,2014-06-19 05:22:01
2530,2014-06-19 06:22:01
2536,2014-06-19 07:22:01
2542,2014-06-19 08:22:01
2548,2014-06-19 09:22:01
2554,2014-06-19 10:22:01
2560,2014-06-19 11:22:01
2566,2014-06-19 12:22:01
2572,2014-06-19 13:22:01
2578,2014-06-19 14:22:01
2584,2014-06-19 15:22:01
2590,2014-06-19 16:22:01
2596,2014-06-19 17:22:01
2602,2014-06-19 18:22:01
2608,2014-06-19 19:22:01
2614,2014-06-19 20:22:01
2620,2014-06-19 21:22:01
2626,2014-06-19 22:22:01
2632,2014-06-19 23:22:01
2638,2014-06-20 00:22:01
2644,2014-06-20 01:22:01
2650,2014-06-20 02:22:01
2656,2014-06-20 03:22:01
2662,2014-06-20 04:22:01
2668,2014-06-20 05:22:01
2674,2014-06-20 06:22:01
2680,2014-06-20 07:22:01
2686,2014-06-20 08:22:01
2692,2014-06-20 09:22:01
2698,2014-06-20 10:22:01
2704,2014-06-20 11:22:01
2710,2014-06-20 12:22:01
2716,2014-06-20 13:22:01
2722,2014-06-20 14:22:01
2728,2014-06-20 15:22:01
2734,2014-06-20 16:22:01
2740,2014-06-20 17:22:01
2746,2014-06-20 18:22:01
2752,2014-06-20 19:22:01
2758,2014-06-20 20:22:01
2764,2014-06-20 21:22:01
2770,2014-06-20 22:22:01
2776,2014-06-20 23:22:01
2782,2014-06-21 00:22:01
2788,2014-06-21 01:22:01
2794,2014-06-21 02:22:01
2800,2014-06-21 03:22:01
2806,2014-06-21 04:22:01
2812,2014-06-21 05:22:01
2818,2014-06-21 06:22:01
2824,2014-06-21 07:22:01
2830,2014-06-21 08:22:01
2836,2014-06-21 09:22:01
2842,2014-06-21 10:22:01
2848,2014-06-21 11:22:01
2854,2014-06-21 12:22:01
2860,2014-06-21 13:22:01
2866,2014-06-21 14:22:01
2872,2014-06-21 15:22:01
2878,2014-06-21 16:22:01
2884,2014-06-21 17:22:01
2890,2014-06-21 18:22:01
2896,2014-06-21 19:22:01
2902,2014-06-21 20:22:01
2908,2014-06-21 21:22:01
2914,2014-06-21 22:22:01
2920,2014-06-21 23:22:01
2926,2014-06-22 00:22:01
2932,2014-06-22 01:22:01
2938,2014-06-22 02:22:01
2944,2014-06-22 03:22:01
2950,2014-06-22 04:22:01
2956,2014-06-22 05:22:01
2962,2014-06-22 06:22:01
2968,2014-06-22 07:22:01
2974,2014-06-22 08:22:01
2980,2014-06-22 09:22:01
2986,2014-06-22 10:22:01
2992,2014-06-22 11:22:01
2998,2014-06-22 12:22:01
3004,2014-06-22 13:22:01
3010,2014-06-22 14:22:01
3016,2014-06-22 15:22:01
3022,2014-06-22 16:22:01
3028,2014-06-22 17:22:01
3034,2014-06-22 18:22:01
3040,2014-06-22 19:22:01
3046,2014-06-22 20:22:01
3052,2014-06-22 21:22:01
3058,2014-06-22 22:22:01
3064,2014-06-22 23:22:01
3070,2014-06-23 00:22:01
3076,2014-06-23 01:22:01
3082,2014-06-23 02:22:01
3088,2014-06-23 03:22:01
3094,2014-06-23 04:22:01
3100,2014-06-23 05:22:01
3106,2014-06-23 06:22:01
3112,2014-06-23 07:22:01
3118,2014-06-23 08:22:01
3124,2014-06-23 09:22:01
3130,2014-06-23 10:22:01
3136,2014-06-23 11:22:01
3142,2014-06-23 12:22:01
3148,2014-06-23 13:22:01
3154,2014-06-23 14:22:01
3160,2014-06-23 15:22:01
3166,2014-06-23 16:22:01
3172,2014-06-23 17:22:01
3178,2014-06-23 18:22:01
3184,2014-06-23 19:22:01
3190,2014-06-23 20:22:01
3196,2014-06-23 21:22:01
3202,2014-06-23 22:22:01
3208,2014-06-23 23:22:01
3214,2014-06-24 00:22:01
3220,2014-06-24 01:22:01
3226,2014-06-24 02:22:01
3232,2014-06-24 03:22:01
3238,2014-06-24 04:22:01
3244,2014-06-24 05:22:01
3250,2014-06-24 06:22:01
3256,2014-06-24 07:22:01
3262,2014-06-24 08:22:01
3268,2014-06-24 09:22:01
3274,2014-06-24 10:22:01
3280,2014-06-24 11:22:01
3286,2014-06-24 12:22:01
3292,2014-06-24 13:22:01
3298,2014-06-24 14:22:01
3304,2014-06-24 15:22:01
3310,2014-06-24 16:22:01
3316,2014-06-24 17:22:01
3322,2014-06-24 18:22:01
3328,2014-06-24 19:22:01
3334,2014-06-24 20:22:01
3340,2014-06-24 21:22:01
3346,2014-06-24 22:22:01
3352,2014-06-24 23:22:01
3358,2014-06-25 00:22:01
3364,2014-06-25 01:22:01
3370,2014-06-25 02:22:01
3376,2014-06-25 03:22:01
3382,2014-06-25 04:22:01
3388,2014-06-25 05:22:01
3394,2014-06-25 06:22:01
3400,2014-06-25 07:22:01
3406,2014-06-25 08:22:01
3412,2014-06-25 09:22:01
3418,2014-06-25 10:22:01
3424,2014-06-25 11:22:01
3430,2014-06-25 12:22:01
3436,2014-06-25 13:22:01
3442,2014-06-25 14:22:01
3448,2014-06-25 15:22:01
3454,2014-06-25 16:22:01
3460,2014-06-25 17:22:01
3466,2014-06-25 18:22:01
3472,2014-06-25 19:22:01
3478,2014-06-25 20:22:01
3484,2014-06-25 21:22:01
3490,2014-06-25 22:22:01
3496,2014-06-25 23:22:01
3502,2014-06-26 00:22:01
3508,2014-06-26 01:22:01
3514,2014-06-26 02:22:01
3520,2014-06-26 03:22:01
3526,2014-06-26 04:22:01
3532,2014-06-26 05:22:01
3538,2014-06-26 06:22:01
3544,2014-06-26 07:22:01
3550,2014-06-26 08:22:01
3556,2014-06-26 09:22:01
3562,2014-06-26 10:22:01
3568,2014-06-26 11:22:01
3574,2014-06-26 12:22:01
3580,2014-06-26 13:22:01
3586,2014-06-26 14:22:01
3592,2014-06-26 15:22:01
3598,2014-06-26 16:22:01
3604,2014-06-26 17:22:01
3610,2014-06-26 18:22:01
3616,2014-06-26 19:22:01
3622,2014-06-26 20:22:01
3628,2014-06-26 21:22:01
3634,2014-06-26 22:22:01
3640,2014-06-26 23:22:01
3646,2014-06-27 00:22:01
3652,2014-06-27 01:22:01
3658,2014-06-27 02:22:01
3664,2014-06-27 03:22:01
3670,2014-06-27 04:22:01
3676,2014-06-27 05:22:01
3682,2014-06-27 06:22:01
3688,2014-06-27 07:22:01
3694,2014-06-27 08:22:01
3700,2014-06-27 09:22:01
3706,2014-06-27 10:22:01
3712,2014-06-27 11:22:01
3718,2014-06-27 12:22:01
3724,2014-06-27 13:22:01
3730,2014-06-27 14:22:01
3736,2014-06-27 15:22:01
3742,2014-06-27 16:22:01
3748,2014-06-27 17:22:01
3754,2014-06-27 18:22:01
3760,2014-06-27 19:22:01
3766,2014-06-27 20:22:01
3772,2014-06-27 21:22:01
3778,2014-06-27 22:22:01
3784,2014-06-27 23:22:01
3790,2014-06-28 00:22:01
3796,2014-06-28 01:22:01
3802,2014-06-28 02:22:01
3808,2014-06-28 03:22:01
3814,2014-06-28 04:22:01
3820,2014-06-28 05:22:01
3826,2014-06-28 06:22:01
3832,2014-06-28 07:22:01
3838,2014-06-28 08:22:01
3844,2014-06-28 09:22:01
3850,2014-06-28 10:22:01
3856,2014-06-28 11:22:01
3862,2014-06-28 12:22:01
3868,2014-06-28 13:22:01
3874,2014-06-28 14:22:01
3880,2014-06-28 15:22:01
3886,2014-06-28 16:22:01
3892,2014-06-28 17:22:01
3898,2014-06-28 18:22:01
3904,2014-06-28 19:22:01
3910,2014-06-28 20:22:01
3916,2014-06-28 21:22:01
3922,2014-06-28 22:22:01
3928,2014-06-28 23:22:01
3934,2014-06-29 00:22:01
3940,2014-06-29 01:22:01
3946,2014-06-29 02:22:01
3952,2014-06-29 03:22:01
3958,2014-06-29 04:22:01
3964,2014-06-29 05:22:01
3970,2014-06-29 06:22:01
3976,2014-06-29 07:22:01
3982,2014-06-29 08:22:01
3988,2014-06-29 09:22:01
3994,2014-06-29 10:22:01
4000,2014-06-29 11:22:01
4006,2014-06-29 12:22:01
4012,2014-06-29 13:22:01
4018,2014-06-29 14:22:01
4024,2014-06-29 15:22:01
4030,2014-06-29 16:22:01
4036,2014-06-29 17:22:01
4042,2014-06-29 18:22:01
4048,2014-06-29 19:22:01
4054,2014-06-29 20:22:01
4060,2014-06-29 21:22:01
4066,2014-06-29 22:22:01
4072,2014-06-29 23:22:01
4078,2014-06-30 00:22:01
4084,2014-06-30 01:22:01
4090,2014-06-30 02:22:01
4096,2014-06-30 03:22:01
4102,2014-06-30 04:22:01
4108,2014-06-30 05:22:01
4114,2014-06-30 06:22:01
4120,2014-06-30 07:22:01
4126,2014-06-30 08:22:01
4132,2014-06-30 09:22:01
4138,2014-06-30 10:22:01
4144,2014-06-30 11:22:01
4150,2014-06-30 12:22:01
4156,2014-06-30 13:22:01
4162,2014-06-30 14:22:01
4168,2014-06-30 15:22:01
4174,2014-06-30 16:22:01
4180,2014-06-30 17:22:01
4186,2014-06-30 18:22:01
4192,2014-06-30 19:22:01
4198,2014-06-30 20:22:01
4204,2014-06-30 21:22:01
4210,2014-06-30 22:22:01
4216,2014-06-30 23:22:01
4222,2014-07-01 00:22:01
4228,2014-07-01 01:22:01
4234,2014-07-01 02:22:01
4240,2014-07-01 03:22:01
4246,2014-07-01 04:22:01
4252,2014-07-01 05:22:01
4258,2014-07-01 06:22:01
4264,2014-07-01 07:22:01
4270,2014-07-01 08:22:01
4276,2014-07-01 09:22:01
4282,2014-07-01 10:22:01
4288,2014-07-01 11:22:01
4294,2014-07-01 12:22:01
4300,2014-07-01 13:22:01
4306,2014-07-01 14:22:01
4312,2014-07-01 15:22:01
4318,2014-07-01 16:22:01
4324,2014-07-01 17:22:01
4330,2014-07-01 18:22:01
4336,2014-07-01 19:22:01
4342,2014-07-01 20:22:01
4348,2014-07-01 21:22:01
4354,2014-07-01 22:22:01
4360,2014-07-01 23:22:01
4366,2014-07-02 00:22:01
4372,2014-07-02 01:22:01
4378,2014-07-02 02:22:01
4384,2014-07-02 03:22:01
4390,2014-07-02 04:22:01
4396,2014-07-02 05:22:01
4402,2014-07-02 06:22:01
4408,2014-07-02 07:22:01
4414,2014-07-02 08:22:01
4420,2014-07-02 09:22:01
4426,2014-07-02 10:22:01
4432,2014-07-02 11:22:01
4438,2014-07-02 12:22:01
4444,2014-07-02 13:22:01
4450,2014-07-02 14:22:01
4456,2014-07-02 15:22:01
4462,2014-07-02 16:22:01
4468,2014-07-02 17:22:01
4474,2014-07-02 18:22:01
4480,2014-07-02 19:22:01
4486,2014-07-02 20:22:01
4492,2014-07-02 21:22:01
4498,2014-07-02 22:22:01
4504,2014-07-02 23:22:01
4510,2014-07-03 00:22:01
4516,2014-07-03 01:22:01
4522,2014-07-03 02:22:01
4528,2014-07-03 03:22:01
4534,2014-07-03 04:22:01
4540,2014-07-03 05:22:01
4546,2014-07-03 06:22:01
4552,2014-07-03 07:22:01
4558,2014-07-03 08:22:01
4564,2014-07-03 09:22:01
4570,2014-07-03 10:22:01
4576,2014-07-03 11:22:01
4582,2014-07-03 12:22:01
4588,2014-07-03 13:22:01
4594,2014-07-03 14:22:01
4600,2014-07-03 15:22:01
4606,2014-07-03 16:22:01
4612,2014-07-03 17:22:01
4618,2014-07-03 18:22:01
4624,2014-07-03 19:22:01
4630,2014-07-03 20:22:01
4636,2014-07-03 21:22:01
4642,2014-07-03 22:22:01
4648,2014-07-03 23:22:01
4654,2014-07-04 00:22:01
4660,2014-07-04 01:22:01
4666,2014-07-04 02:22:01
4672,2014-07-04 03:22:01
4678,2014-07-04 04:22:01
4684,2014-07-04 05:22:01
4690,2014-07-04 06:22:01
4696,2014-07-04 07:22:01
4702,2014-07-04 08:22:01
4708,2014-07-04 09:22:01
4714,2014-07-04 10:22:01
4720,2014-07-04 11:22:01
4726,2014-07-04 12:22:01
4732,2014-07-04 13:22:01
4738,2014-07-04 14:22:01
4744,2014-07-04 15:22:01
4750,2014-07-04 16:22:01
4756,2014-07-04 17:22:01
4762,2014-07-04 18:22:01
4768,2014-07-04 19:22:01
4774,2014-07-04 20:22:01
4780,2014-07-04 21:22:01
4786,2014-07-04 22:22:01
4792,2014-07-04 23:22:01
4798,2014-07-05 00:22:01
4804,2014-07-05 01:22:01
4810,2014-07-05 02:22:01
4816,2014-07-05 03:22:01
4822,2014-07-05 04:22:01
4828,2014-07-05 05:22:01
4834,2014-07-05 06:22:01
4840,2014-07-05 07:22:01
4846,2014-07-05 08:22:01
4852,2014-07-05 09:22:01
4858,2014-07-05 10:22:01
4864,2014-07-05 11:22:01
4870,2014-07-05 12:22:01
4876,2014-07-05 13:22:01
4882,2014-07-05 14:22:01
4888,2014-07-05 15:22:01
4894,2014-07-05 16:22:01
4900,2014-07-05 17:22:01
4906,2014-07-05 18:22:01
4912,2014-07-05 19:22:01
4918,2014-07-05 20:22:01
4924,2014-07-05 21:22:01
4930,2014-07-05 22:22:01
4936,2014-07-05 23:22:01
4942,2014-07-06 00:22:01
4948,2014-07-06 01:22:01
4954,2014-07-06 02:22:01
4960,2014-07-06 03:22:01
4966,2014-07-06 04:22:01
4972,2014-07-06 05:22:01
4978,2014-07-06 06:22:01
4984,2014-07-06 07:22:01
4990,2014-07-06 08:22:01
4996,2014-07-06 09:22:01
5002,2014-07-06 10:22:01
5008,2014-07-06 11:22:01
5014,2014-07-06 12:22:01
5020,2014-07-06 13:22:01
5026,2014-07-06 14:22:01
5032,2014-07-06 15:22:01
5038,2014-07-06 16:22:01
5044,2014-07-06 17:22:01
5050,2014-07-06 18:22:01
5056,2014-07-06 19:22:01
5062,2014-07-06 20:22:01
5068,2014-07-06 21:22:01
5074,2014-07-06 22:22:01
5080,2014-07-06 23:22:01
5086,2014-07-07 00:22:01
5092,2014-07-07 01:22:01
5098,2014-07-07 02:22:01
5104,2014-07-07 03:22:01
5110,2014-07-07 04:22:01
5116,2014-07-07 05:22:01
5122,2014-07-07 06:22:01
5128,2014-07-07 07:22:01
5134,2014-07-07 08:22:01
5140,2014-07-07 09:22:01
5146,2014-07-07 10:22:01
5152,2014-07-07 11:22:01
5158,2014-07-07 12:22:01
5164,2014-07-07 13:22:01
5170,2014-07-07 14:22:01
5176,2014-07-07 15:22:01
5182,2014-07-07 16:22:01
5188,2014-07-07 17:22:01
5194,2014-07-07 18:22:01
5200,2014-07-07 19:22:01
5206,2014-07-07 20:22:01
5212,2014-07-07 21:22:01
5218,2014-07-07 22:22:01
5224,2014-07-07 23:22:01
5230,2014-07-08 00:22:01
5236,2014-07-08 01:22:01
5242,2014-07-08 02:22:01
5248,2014-07-08 03:22:01
5254,2014-07-08 04:22:01
5260,2014-07-08 05:22:01
5266,2014-07-08 06:22:01
5272,2014-07-08 07:22:01
5278,2014-07-08 08:22:01
5284,2014-07-08 09:22:01
5290,2014-07-08 10:22:01
5296,2014-07-08 11:22:01
5302,2014-07-08 12:22:01
5308,2014-07-08 13:22:01
5314,2014-07-08 14:22:01
5320,2014-07-08 15:22:01
5326,2014-07-08 16:22:01
5332,2014-07-08 17:22:01
5338,2014-07-08 18:22:01
5344,2014-07-08 19:22:01
5350,2014-07-08 20:22:01
5356,2014-07-08 21:22:01
5362,2014-07-08 22:22:01
5368,2014-07-08 23:22:01
5374,2014-07-09 00:22:01
5380,2014-07-09 01:22:01
5386,2014-07-09 02:22:01
5392,2014-07-09 03:22:01
5398,2014-07-09 04:22:01
5404,2014-07-09 05:22:01
5410,2014-07-09 06:22:01
5416,2014-07-09 07:22:01
5422,2014-07-09 08:22:01
5428,2014-07-09 09:22:01
5434,2014-07-09 10:22:01
5440,2014-07-09 11:22:01
5446,2014-07-09 12:22:01
5452,2014-07-09 13:22:01
5458,2014-07-09 14:22:01
5464,2014-07-09 15:22:01
5470,2014-07-09 16:22:01
5476,2014-07-09 17:22:01
5482,2014-07-09 18:22:01
5488,2014-07-09 19:22:01
5494,2014-07-09 20:22:01
5500,2014-07-09 21:22:01
5506,2014-07-09 22:22:01
5512,2014-07-09 23:22:01
5518,2014-07-10 00:22:01
5524,2014-07-10 01:22:01
5530,2014-07-10 02:22:01
5536,2014-07-10 03:22:01
5542,2014-07-10 04:22:01
5548,2014-07-10 05:22:01
5554,2014-07-10 06:22:01
5560,2014-07-10 07:22:01
5566,2014-07-10 08:22:01
5572,2014-07-10 09:22:01
5578,2014-07-10 10:22:01
5584,2014-07-10 11:22:01
5590,2014-07-10 12:22:01
5596,2014-07-10 13:22:01
5602,2014-07-10 14:22:01
5608,2014-07-10 15:22:01
5614,2014-07-10 16:22:01
5620,2014-07-10 17:22:01
5626,2014-07-10 18:22:01
5632,2014-07-10 19:22:01
5638,2014-07-10 20:22:01
5644,2014-07-10 21:22:01
5650,2014-07-10 22:22:01
5656,2014-07-10 23:22:01
5662,2014-07-11 00:22:01
5668,2014-07-11 01:22:01
5674,2014-07-11 02:22:01
5680,2014-07-11 03:22:01
5686,2014-07-11 04:22:01
5692,2014-07-11 05:22:01
5698,2014-07-11 06:22:01
5704,2014-07-11 07:22:01
5710,2014-07-11 08:22:01
5716,2014-07-11 09:22:01
5722,2014-07-11 10:22:01
5728,2014-07-11 11:22:01
5734,2014-07-11 12:22:01
5740,2014-07-11 13:22:01
5746,2014-07-11 14:22:01
5752,2014-07-11 15:22:01
5758,2014-07-11 16:22:01
5764,2014-07-11 17:22:01
5770,2014-07-11 18:22:01
5776,2014-07-11 19:22:01
5782,2014-07-11 20:22:01
5788,2014-07-11 21:22:01
5794,2014-07-11 22:22:01
5800,2014-07-11 23:22:01
5806,2014-07-12 00:22:01
5812,2014-07-12 01:22:01
5818,2014-07-12 02:22:01
5824,2014-07-12 03:22:01
5830,2014-07-12 04:22:01
5836,2014-07-12 05:22:01
5842,2014-07-12 06:22:01
5848,2014-07-12 07:22:01
5854,2014-07-12 08:22:01
5860,2014-07-12 09:22:01
5866,2014-07-12 10:22:01
5872,2014-07-12 11:22:01
5878,2014-07-12 12:22:01
5884,2014-07-12 13:22:01
5890,2014-07-12 14:22:01
5896,2014-07-12 15:22:01
5902,2014-07-12 16:22:01
5908,2014-07-12 17:22:01
5914,2014-07-12 18:22:01
5920,2014-07-12 19:22:01
5926,2014-07-12 20:22:01
5932,2014-07-12 21:22:01
5938,2014-07-12 22:22:01
5944,2014-07-12 23:22:01
5950,2014-07-13 00:22:01
5956,2014-07-13 01:22:01
5962,2014-07-13 02:22:01
5968,2014-07-13 03:22:01
5974,2014-07-13 04:22:01
5980,2014-07-13 05:22:01
5986,2014-07-13 06:22:01
5992,2014-07-13 07:22:01
5998,2014-07-13 08:22:01
6004,2014-07-13 09:22:01
6010,2014-07-13 10:22:01
6016,2014-07-13 11:22:01
6022,2014-07-13 12:22:01
6028,2014-07-13 13:22:01
6034,2014-07-13 14:22:01
6040,2014-07-13 15:22:01
6046,2014-07-13 16:22:01
6052,2014-07-13 17:22:01
6058,2014-07-13 18:22:01
6064,2014-07-13 19:22:01
6070,2014-07-13 20:22:01
6076,2014-07-13 21:22:01
6082,2014-07-13 22:22:01
6088,2014-07-13 23:22:01
6094,2014-07-14 00:22:01
6100,2014-07-14 01:22:01
6106,2014-07-14 02:22:01
6112,2014-07-14 03:22:01
6118,2014-07-14 04:22:01
6124,2014-07-14 05:22:01
6130,2014-07-14 06:22:01
6136,2014-07-14 07:22:01
6142,2014-07-14 08:22:01
6148,2014-07-14 09:22:01
6154,2014-07-14 10:22:01
6160,2014-07-14 11:22:01
6166,2014-07-14 12:22:01
6172,2014-07-14 13:22:01
6178,2014-07-14 14:22:01
6184,2014-07-14 15:22:01
6190,2014-07-14 16:22:01
6196,2014-07-14 17:22:01
6202,2014-07-14 18:22:01
6208,2014-07-14 19:22:01
6214,2014-07-14 20:22:01
6220,2014-07-14 21:22:01
6226,2014-07-14 22:22:01
6232,2014-07-14 23:22:01
6238,2014-07-15 00:22:01
6244,2014-07-15 01:22:01
6250,2014-07-15 02:22:01
6256,2014-07-15 03:22:01
6262,2014-07-15 04:22:01
6268,2014-07-15 05:22:01
6274,2014-07-15 06:22:01
6280,2014-07-15 07:22:01
6286,2014-07-15 08:22:01
6292,2014-07-15 09:22:01
6298,2014-07-15 10:22:01
6304,2014-07-15 11:22:01
6310,2014-07-15 12:22:01
6316,2014-07-15 13:22:01
6322,2014-07-15 14:22:01
6328,2014-07-15 15:22:01
6334,2014-07-15 16:22:01
6340,2014-07-15 17:22:01
6346,2014-07-15 18:22:01
6352,2014-07-15 19:22:01
6358,2014-07-15 20:22:01
6364,2014-07-15 21:22:01
6370,2014-07-15 22:22:01
6376,2014-07-15 23:22:01
6382,2014-07-16 00:22:01
6388,2014-07-16 01:22:01
6394,2014-07-16 02:22:01
6400,2014-07-16 03:22:01
6406,2014-07-16 04:22:01
6412,2014-07-16 05:22:01
6418,2014-07-16 06:22:01
6424,2014-07-16 07:22:01
6430,2014-07-16 08:22:01
6436,2014-07-16 09:22:01
6442,2014-07-16 10:22:01
6448,2014-07-16 11:22:01
6454,2014-07-16 12:22:01
6460,2014-07-16 13:22:01
6466,2014-07-16 14:22:01
6472,2014-07-16 15:22:01
6478,2014-07-16 16:22:01
6484,2014-07-16 17:22:01
6490,2014-07-16 18:22:01
6496,2014-07-16 19:22:01
6502,2014-07-16 20:22:01
6508,2014-07-16 21:22:01
6514,2014-07-16 22:22:01
6520,2014-07-16 23:22:01
6526,2014-07-17 00:22:01
6532,2014-07-17 01:22:01
6538,2014-07-17 02:22:01
6544,2014-07-17 03:22:01
6550,2014-07-17 04:22:01
6556,2014-07-17 05:22:01
6562,2014-07-17 06:22:01
6568,2014-07-17 07:22:01
6574,2014-07-17 08:22:01
6580,2014-07-17 09:22:01
6586,2014-07-17 10:22:01
6592,2014-07-17 11:22:01
6598,2014-07-17 12:22:01
6604,2014-07-17 13:22:01
6610,2014-07-17 14:22:01
6616,2014-07-17 15:22:01
6622,2014-07-17 16:22:01
6628,2014-07-17 17:22:01
6634,2014-07-17 18:22:01
6640,2014-07-17 19:22:01
6646,2014-07-17 20:22:01
6652,2014-07-17 21:22:01
6658,2014-07-17 22:22:01
6664,2014-07-17 23:22:01
6670,2014-07-18 00:22:01
6676,2014-07-18 01:22:01
6682,2014-07-18 02:22:01
6688,2014-07-18 03:22:01
6694,2014-07-18 04:22:01
6700,2014-07-18 05:22:01
6706,2014-07-18 06:22:01
6712,2014-07-18 07:22:01
6718,2014-07-18 08:22:01
6724,2014-07-18 09:22:01
6730,2014-07-18 10:22:01
6736,2014-07-18 11:22:01
6742,2014-07-18 12:22:01
6748,2014-07-18 13:22:01
6754,2014-07-18 14:22:01
6760,2014-07-18 15:22:01
6766,2014-07-18 16:22:01
6772,2014-07-18 17:22:01
6778,2014-07-18 18:22:01
6784,2014-07-18 19:22:01
6790,2014-07-18 20:22:01
6796,2014-07-18 21:22:01
6802,2014-07-18 22:22:01
6808,2014-07-18 23:22:01
6814,2014-07-19 00:22:01
6820,2014-07-19 01:22:01
6826,2014-07-19 02:22:01
6832,2014-07-19 03:22:01
6838,2014-07-19 04:22:01
6844,2014-07-19 05:22:01
6850,2014-07-19 06:22:01
6856,2014-07-19 07:22:01
6862,2014-07-19 08:22:01
6868,2014-07-19 09:22:01
6874,2014-07-19 10:22:01
6880,2014-07-19 11:22:01
6886,2014-07-19 12:22:01
6892,2014-07-19 13:22:01
6898,2014-07-19 14:22:01
6904,2014-07-19 15:22:01
6910,2014-07-19 16:22:01
6916,2014-07-19 17:22:01
6922,2014-07-19 18:22:01
6928,2014-07-19 19:22:01
6934,2014-07-19 20:22:01
6940,2014-07-19 21:22:01
6946,2014-07-19 22:22:01
6952,2014-07-19 23:22:01
6958,2014-07-20 00:22:01
6964,2014-07-20 01:22:01
6970,2014-07-20 02:22:01
6976,2014-07-20 03:22:01
6982,2014-07-20 04:22:01
6988,2014-07-20 05:22:01
6994,2014-07-20 06:22:01
7000,2014-07-20 07:22:01
7006,2014-07-20 08:22:01
7012,2014-07-20 09:22:01
7018,2014-07-20 10:22:01
7024,2014-07-20 11:22:01
7030,2014-07-20 12:22:01
7036,2014-07-20 13:22:01
7042,2014-07-20 14:22:01
7048,2014-07-20 15:22:01
7054,2014-07-20 16:22:01
7060,2014-07-20 17:22:01
7066,2014-07-20 18:22:01
7072,2014-07-20 19:22:01
7078,2014-07-20 20:22:01
7084,2014-07-20 21:22:01
7090,2014-07-20 22:22:01
7096,2014-07-20 23:22:01
7102,2014-07-21 00:22:01
7108,2014-07-21 01:22:01
7114,2014-07-21 02:22:01
7120,2014-07-21 03:22:01
7126,2014-07-21 04:22:01
7132,2014-07-21 05:22:01
7138,2014-07-21 06:22:01
7144,2014-07-21 07:22:01
7150,2014-07-21 08:22:01
7156,2014-07-21 09:22:01
7162,2014-07-21 10:22:01
7168,2014-07-21 11:22:01
7174,2014-07-21 12:22:01
7180,2014-07-21 13:22:01
7186,2014-07-21 14:22:01
7192,2014-07-21 15:22:01
7198,2014-07-21 16:22:01
7204,2014-07-21 17:22:01
7210,2014-07-21 18:22:01
7216,2014-07-21 19:22:01
7222,2014-07-21 20:22:01
7228,2014-07-21 21:22:01
7234,2014-07-21 22:22:01
7240,2014-07-21 23:22:01
7246,2014-07-22 00:22:01
7252,2014-07-22 01:22:01
7258,2014-07-22 02:22:01
7264,2014-07-22 03:22:01
7270,2014-07-22 04:22:01
7276,2014-07-22 05:22:01
7282,2014-07-22 06:22:01
7288,2014-07-22 07:22:01
7294,2014-07-22 08:22:01
7300,2014-07-22 09:22:01
7306,2014-07-22 10:22:01
7312,2014-07-22 11:22:01
7318,2014-07-22 12:22:01
7324,2014-07-22 13:22:01
7330,2014-07-22 14:22:01
7336,2014-07-22 15:22:01
7342,2014-07-22 16:22:01
7348,2014-07-22 17:22:01
7354,2014-07-22 18:22:01
7360,2014-07-22 19:22:01
7366,2014-07-22 20:22:01
7372,2014-07-22 21:22:01
7378,2014-07-22 22:22:01
7384,2014-07-22 23:22:01
7390,2014-07-23 00:22:01
7396,2014-07-23 01:22:01
7402,2014-07-23 02:22:01
7408,2014-07-23 03:22:01
7414,2014-07-23 04:22:01
7420,2014-07-23 05:22:01
7426,2014-07-23 06:22:01
7432,2014-07-23 07:22:01
7438,2014-07-23 08:22:01
7444,2014-07-23 09:22:01
7450,2014-07-23 10:22:01
7456,2014-07-23 11:22:01
7462,2014-07-23 12:22:01
7468,2014-07-23 13:22:01
7474,2014-07-23 14:22:01
7480,2014-07-23 15:22:01
7486,2014-07-23 16:22:01
7492,2014-07-23 17:22:01
7498,2014-07-23 18:22:01
7504,2014-07-23 19:22:01
7510,2014-07-23 20:22:01
7516,2014-07-23 21:22:01
7522,2014-07-23 22:22:01
7528,2014-07-23 23:22:01
7534,2014-07-24 00:22:01
7540,2014-07-24 01:22:01
7546,2014-07-24 02:22:01
7552,2014-07-24 03:22:01
7558,2014-07-24 04:22:01
7564,2014-07-24 05:22:01
7570,2014-07-24 06:22:01
7576,2014-07-24 07:22:01
7582,2014-07-24 08:22:01
7588,2014-07-24 09:22:01
7594,2014-07-24 10:22:01
7600,2014-07-24 11:22:01
7606,2014-07-24 12:22:01
7612,2014-07-24 13:22:01
7618,2014-07-24 14:22:01
7624,2014-07-24 15:22:01
7630,2014-07-24 16:22:01
7636,2014-07-24 17:22:01
7642,2014-07-24 18:22:01
7648,2014-07-24 19:22:01
7654,2014-07-24 20:22:01
7660,2014-07-24 21:22:01
7666,2014-07-24 22:22:01
7672,2014-07-24 23:22:01
7678,2014-07-25 00:22:01
7684,2014-07-25 01:22:01
7690,2014-07-25 02:22:01
7696,2014-07-25 03:22:01
7702,2014-07-25 04:22:01
7708,2014-07-25 05:22:01
7714,2014-07-25 06:22:01
7720,2014-07-25 07:22:01
7726,2014-07-25 08:22:01
7732,2014-07-25 09:22:01
7738,2014-07-25 10:22:01
7744,2014-07-25 11:22:01
7750,2014-07-25 12:22:01
7756,2014-07-25 13:22:01
7762,2014-07-25 14:22:01
7768,2014-07-25 15:22:01
7774,2014-07-25 16:22:01
7780,2014-07-25 17:22:01
7786,2014-07-25 18:22:01
7792,2014-07-25 19:22:01
7798,2014-07-25 20:22:01
7804,2014-07-25 21:22:01
7810,2014-07-25 22:22:01
7816,2014-07-25 23:22:01
7822,2014-07-26 00:22:01
7828,2014-07-26 01:22:01
7834,2014-07-26 02:22:01
7840,2014-07-26 03:22:01
7846,2014-07-26 04:22:01
7852,2014-07-26 05:22:01
7858,2014-07-26 06:22:01
7864,2014-07-26 07:22:01
7870,2014-07-26 08:22:01
7876,2014-07-26 09:22:01
7882,2014-07-26 10:22:01
7888,2014-07-26 11:22:01
7894,2014-07-26 12:22:01
7900,2014-07-26 13:22:01
7906,2014-07-26 14:22:01
7912,2014-07-26 15:22:01
7918,2014-07-26 16:22:01
7924,2014-07-26 17:22:01
7930,2014-07-26 18:22:01
7936,2014-07-26 19:22:01
7942,2014-07-26 20:22:01
7948,2014-07-26 21:22:01
7954,2014-07-26 22:22:01
7960,2014-07-26 23:22:01
7966,2014-07-27 00:22:01
7972,2014-07-27 01:22:01
7978,2014-07-27 02:22:01
7984,2014-07-27 03:22:01
7990,2014-07-27 04:22:01
7996,2014-07-27 05:22:01
8002,2014-07-27 06:22:01
8008,2014-07-27 07:22:01
8014,2014-07-27 08:22:01
8020,2014-07-27 09:22:01
8026,2014-07-27 10:22:01
8032,2014-07-27 11:22:01
8038,2014-07-27 12:22:01
8044,2014-07-27 13:22:01
8050,2014-07-27 14:22:01
8056,2014-07-27 15:22:01
8062,2014-07-27 16:22:01
8068,2014-07-27 17:22:01
8074,2014-07-27 18:22:01
8080,2014-07-27 19:22:01
8086,2014-07-27 20:22:01
8092,2014-07-27 21:22:01
8098,2014-07-27 22:22:01
8104,2014-07-27 23:22:01
8110,2014-07-28 00:22:01
8116,2014-07-28 01:22:01
8122,2014-07-28 02:22:01
8128,2014-07-28 03:22:01
8134,2014-07-28 04:22:01
8140,2014-07-28 05:22:01
8146,2014-07-28 06:22:01
8152,2014-07-28 07:22:01
8158,2014-07-28 08:22:01
8164,2014-07-28 09:22:01
8170,2014-07-28 10:22:01
8176,2014-07-28 11:22:01
8182,2014-07-28 12:22:01
8188,2014-07-28 13:22:01
8194,2014-07-28 14:22:01
8200,2014-07-28 15:22:01
8206,2014-07-28 16:22:01
8212,2014-07-28 17:22:01
8218,2014-07-28 18:22:01
8224,2014-07-28 19:22:01
8230,2014-07-28 20:22:01
8236,2014-07-28 21:22:01
8242,2014-07-28 22:22:01
8248,2014-07-28 23:22:01
8254,2014-07-29 00:22:01
8260,2014-07-29 01:22:01
8266,2014-07-29 02:22:01
8272,2014-07-29 03:22:01
8278,2014-07-29 04:22:01
8284,2014-07-29 05:22:01
8290,2014-07-29 06:22:01
8296,2014-07-29 07:22:01
8302,2014-07-29 08:22:01
8308,2014-07-29 09:22:01
8314,2014-07-29 10:22:01
8320,2014-07-29 11:22:01
8326,2014-07-29 12:22:01
8332,2014-07-29 13:22:01
8338,2014-07-29 14:22:01
8344,2014-07-29 15:22:01
8350,2014-07-29 16:22:01
8356,2014-07-29 17:22:01
8362,2014-07-29 18:22:01
8368,2014-07-29 19:22:01
8374,2014-07-29 20:22:01
8380,2014-07-29 21:22:01
8386,2014-07-29 22:22:01
8392,2014-07-29 23:22:01
8398,2014-07-30 00:22:01
8404,2014-07-30 01:22:01
8410,2014-07-30 02:22:01
8416,2014-07-30 03:22:01
8422,2014-07-30 04:22:01
8428,2014-07-30 05:22:01
8434,2014-07-30 06:22:01
8440,2014-07-30 07:22:01
8446,2014-07-30 08:22:01
8452,2014-07-30 09:22:01
8458,2014-07-30 10:22:01
8464,2014-07-30 11:22:01
8470,2014-07-30 12:22:01
8476,2014-07-30 13:22:01
8482,2014-07-30 14:22:01
8488,2014-07-30 15:22:01
8494,2014-07-30 16:22:01
8500,2014-07-30 17:22:01
8506,2014-07-30 18:22:01
8512,2014-07-30 19:22:01
8518,2014-07-30 20:22:01
8524,2014-07-30 21:22:01
8530,2014-07-30 22:22:01
8536,2014-07-30 23:22:01
8542,2014-07-31 00:22:01
8548,2014-07-31 01:22:01
8554,2014-07-31 02:22:01
8560,2014-07-31 03:22:01
8566,2014-07-31 04:22:01
8572,2014-07-31 05:22:01
8578,2014-07-31 06:22:01
8584,2014-07-31 07:22:01
8590,2014-07-31 08:22:01
8596,2014-07-31 09:22:01
8602,2014-07-31 10:22:01
8608,2014-07-31 11:22:01
8614,2014-07-31 12:22:01
8620,2014-07-31 13:22:01
8626,2014-07-31 14:22:01
8632,2014-07-31 15:22:01
8638,2014-07-31 16:22:01
8644,2014-07-31 17:22:01
8650,2014-07-31 18:22:01
8656,2014-07-31 19:22:01
8662,2014-07-31 20:22:01
8668,2014-07-31 21:22:01
8674,2014-07-31 22:22:01
8680,2014-07-31 23:22:01
8686,2014-08-01 00:22:01
8692,2014-08-01 01:22:01
8698,2014-08-01 02:22:01
8704,2014-08-01 03:22:01
8710,2014-08-01 04:22:01
8716,2014-08-01 05:22:01
8722,2014-08-01 06:22:01
8728,2014-08-01 07:22:01
8734,2014-08-01 08:22:01
8740,2014-08-01 09:22:01
8746,2014-08-01 10:22:01
8752,2014-08-01 11:22:01
8758,2014-08-01 12:22:01
8764,2014-08-01 13:22:01
8770,2014-08-01 14:22:01
8776,2014-08-01 15:22:01
8782,2014-08-01 16:22:01
8788,2014-08-01 17:22:01
8794,2014-08-01 18:22:01
8800,2014-08-01 19:22:01
8806,2014-08-01 20:22:01
8812,2014-08-01 21:22:01
8818,2014-08-01 22:22:01
8824,2014-08-01 23:22:01
8830,2014-08-02 00:22:01
8836,2014-08-02 01:22:01
8842,2014-08-02 02:22:01
8848,2014-08-02 03:22:01
8854,2014-08-02 04:22:01
8860,2014-08-02 05:22:01
8866,2014-08-02 06:22:01
8872,2014-08-02 07:22:01
8878,2014-08-02 08:22:01
8884,2014-08-02 09:22:01
8890,2014-08-02 10:22:01
8896,2014-08-02 11:22:01
8902,2014-08-02 12:22:01
8908,2014-08-02 13:22:01
8914,2014-08-02 14:22:01
8920,2014-08-02 15:22:01
8926,2014-08-02 16:22:01
8932,2014-08-02 17:22:01
8938,2014-08-02 18:22:01
8944,2014-08-02 19:22:01
8950,2014-08-02 20:22:01
8956,2014-08-02 21:22:01
8962,2014-08-02 22:22:01
8968,2014-08-02 23:22:01
8974,2014-08-03 00:22:01
8980,2014-08-03 01:22:01
8986,2014-08-03 02:22:01
8992,2014-08-03 03:22:01
8998,2014-08-03 04:22:01
9004,2014-08-03 05:22:01
9010,2014-08-03 06:22:01
9016,2014-08-03 07:22:01
9022,2014-08-03 08:22:01
9028,2014-08-03 09:22:01
9034,2014-08-03 10:22:01
9040,2014-08-03 11:22:01
9046,2014-08-03 12:22:01
9052,2014-08-03 13:22:01
9058,2014-08-03 14:22:01
9064,2014-08-03 15:22:01
9070,2014-08-03 16:22:01
9076,2014-08-03 17:22:01
9082,2014-08-03 18:22:01
9088,2014-08-03 19:22:01
9094,2014-08-03 20:22:01
9100,2014-08-03 21:22:01
9106,2014-08-03 22:22:01
9112,2014-08-03 23:22:01
9118,2014-08-04 00:22:01
9124,2014-08-04 01:22:01
9130,2014-08-04 02:22:01
9136,2014-08-04 03:22:01
9142,2014-08-04 04:22:01
9148,2014-08-04 05:22:01
9154,2014-08-04 06:22:01
9160,2014-08-04 07:22:01
9166,2014-08-04 08:22:01
9172,2014-08-04 09:22:01
9178,2014-08-04 10:22:01
9184,2014-08-04 11:22:01
9190,2014-08-04 12:22:01
9196,2014-08-04 13:22:01
9202,2014-08-04 14:22:01
9208,2014-08-04 15:22:01
9214,2014-08-04 16:22:01
9220,2014-08-04 17:22:01
9226,2014-08-04 18:22:01
9232,2014-08-04 19:22:01
9238,2014-08-04 20:22:01
9244,2014-08-04 21:22:01
9250,2014-08-04 22:22:01
9256,2014-08-04 23:22:01
9262,2014-08-05 00:22:01
9268,2014-08-05 01:22:01
9274,2014-08-05 02:22:01
9280,2014-08-05 03:22:01
9286,2014-08-05 04:22:01
9292,2014-08-05 05:22:01
9298,2014-08-05 06:22:01
9304,2014-08-05 07:22:01
9310,2014-08-05 08:22:01
9316,2014-08-05 09:22:01
9322,2014-08-05 10:22:01
9328,2014-08-05 11:22:01
9334,2014-08-05 12:22:01
9340,2014-08-05 13:22:01
9346,2014-08-05 14:22:01
9352,2014-08-05 15:22:01
9358,2014-08-05 16:22:01
9364,2014-08-05 17:22:01
9370,2014-08-05 18:22:01
9376,2014-08-05 19:22:01
9382,2014-08-05 20:22:01
9388,2014-08-05 21:22:01
9394,2014-08-05 22:22:01
9400,2014-08-05 23:22:01
9406,2014-08-06 00:22:01
9412,2014-08-06 01:22:01
9418,2014-08-06 02:22:01
9424,2014-08-06 03:22:01
9430,2014-08-06 04:22:01
9436,2014-08-06 05:22:01
9442,2014-08-06 06:22:01
9448,2014-08-06 07:22:01
9454,2014-08-06 08:22:01
9460,2014-08-06 09:22:01
9466,2014-08-06 10:22:01
9472,2014-08-06 11:22:01
9478,2014-08-06 12:22:01
9484,2014-08-06 13:22:01
9490,2014-08-06 14:22:01
9496,2014-08-06 15:22:01
9502,2014-08-06 16:22:01
9508,2014-08-06 17:22:01
9514,2014-08-06 18:22:01
9520,2014-08-06 19:22:01
9526,2014-08-06 20:22:01
9532,2014-08-06 21:22:01
9538,2014-08-06 22:22:01
9544,2014-08-06 23:22:01
9550,2014-08-07 00:22:01
9556,2014-08-07 01:22:01
9562,2014-08-07 02:22:01
9568,2014-08-07 03:22:01
9574,2014-08-07 04:22:01
9580,2014-08-07 05:22:01
9586,2014-08-07 06:22:01
9592,2014-08-07 07:22:01
9598,2014-08-07 08:22:01
9604,2014-08-07 09:22:01
9610,2014-08-07 10:22:01
9616,2014-08-07 11:22:01
9622,2014-08-07 12:22:01
9628,2014-08-07 13:22:01
9634,2014-08-07 14:22:01
9640,2014-08-07 15:22:01
9646,2014-08-07 16:22:01
9652,2014-08-07 17:22:01
9658,2014-08-07 18:22:01
9664,2014-08-07 19:22:01
9670,2014-08-07 20:22:01
9676,2014-08-07 21:22:01
9682,2014-08-07 22:22:01
9688,2014-08-07 23:22:01
9694,2014-08-08 00:22:01
9700,2014-08-08 01:22:01
9706,2014-08-08 02:22:01
9712,2014-08-08 03:22:01
9718,2014-08-08 04:22:01
9724,2014-08-08 05:22:01
9730,2014-08-08 06:22:01
9736,2014-08-08 07:22:01
9742,2014-08-08 08:22:01
9748,2014-08-08 09:22:01
9754,2014-08-08 10:22:01
9760,2014-08-08 11:22:01
9766,2014-08-08 12:22:01
9772,2014-08-08 13:22:01
9778,2014-08-08 14:22:01
9784,2014-08-08 15:22:01
9790,2014-08-08 16:22:01
9796,2014-08-08 17:22:01
9802,2014-08-08 18:22:01
9808,2014-08-08 19:22:01
9814,2014-08-08 20:22:01
9820,2014-08-08 21:22:01
9826,2014-08-08 22:22:01
9832,2014-08-08 23:22:01
9838,2014-08-09 00:22:01
9844,2014-08-09 01:22:01
9850,2014-08-09 02:22:01
9856,2014-08-09 03:22:01
9862,2014-08-09 04:22:01
9868,2014-08-09 05:22:01
9874,2014-08-09 06:22:01
9880,2014-08-09 07:22:01
9886,2014-08-09 08:22:01
9892,2014-08-09 09:22:01
9898,2014-08-09 10:22:01
9904,2014-08-09 11:22:01
9910,2014-08-09 12:22:01
9916,2014-08-09 13:22:01
9922,2014-08-09 14:22:01
9928,2014-08-09 15:22:01
9934,2014-08-09 16:22:01
9940,2014-08-09 17:22:01
9946,2014-08-09 18:22:01
9952,2014-08-09 19:22:01
9958,2014-08-09 20:22:01
9964,2014-08-09 21:22:01
9970,2014-08-09 22:22:01
9976,2014-08-09 23:22:01
9982,2014-08-10 00:22:01
9988,2014-08-10 01:22:01
9994,2014-08-10 02:22:01
10000,2014-08-10 03:22:01
10006,2014-08-10 04:22:01
10012,2014-08-10 05:22:01
10018,2014-08-10 06:22:01
10024,2014-08-10 07:22:01
10030,2014-08-10 08:22:01
10036,2014-08-10 09:22:01
10042,2014-08-10 10:22:01
10048,2014-08-10 11:22:01
10054,2014-08-10 12:22:01
10060,2014-08-10 13:22:01
10066,2014-08-10 14:22:01
10072,2014-08-10 15:22:01
10078,2014-08-10 16:22:01
10084,2014-08-10 17:22:01
10090,2014-08-10 18:22:01
10096,2014-08-10 19:22:01
10102,2014-08-10 20:22:01
10108,2014-08-10 21:22:01
10114,2014-08-10 22:22:01
10120,2014-08-10 23:22:01
10126,2014-08-11 00:22:01
10132,2014-08-11 01:22:01
10138,2014-08-11 02:22:01
10144,2014-08-11 03:22:01
10150,2014-08-11 04:22:01
10156,2014-08-11 05:22:01
10162,2014-08-11 06:22:01
10168,2014-08-11 07:22:01
10174,2014-08-11 08:22:01
10180,2014-08-11 09:22:01
10186,2014-08-11 10:22:01
10192,2014-08-11 11:22:01
10198,2014-08-11 12:22:01
10204,2014-08-11 13:22:01
10210,2014-08-11 14:22:01
10216,2014-08-11 15:22:01
10222,2014-08-11 16:22:01
10228,2014-08-11 17:22:01
10234,2014-08-11 18:22:01
10240,2014-08-11 19:22:01
10246,2014-08-11 20:22:01
10252,2014-08-11 21:22:01
10258,2014-08-11 22:22:01
10264,2014-08-11 23:22:01
10270,2014-08-12 00:22:01
10276,2014-08-12 01:22:01
10282,2014-08-12 02:22:01
10288,2014-08-12 03:22:01
10294,2014-08-12 04:22:01
10300,2014-08-12 05:22:01
10306,2014-08-12 06:22:01
10312,2014-08-12 07:22:01
10318,2014-08-12 08:22:01
10324,2014-08-12 09:22:01
10330,2014-08-12 10:22:01
10336,2014-08-12 11:22:01
10342,2014-08-12 12:22:01
10348,2014-08-12 13:22:01
10354,2014-08-12 14:22:01
10360,2014-08-12 15:22:01
10366,2014-08-12 16:22:01
10372,2014-08-12 17:22:01
10378,2014-08-12 18:22:01
10384,2014-08-12 19:22:01
10390,2014-08-12 20:22:01
10396,2014-08-12 21:22:01
10402,2014-08-12 22:22:01
10408,2014-08-12 23:22:01
10414,2014-08-13 00:22:01
10420,2014-08-13 01:22:01
10426,2014-08-13 02:22:01
10432,2014-08-13 03:22:01
10438,2014-08-13 04:22:01
10444,2014-08-13 05:22:01
10450,2014-08-13 06:22:01
10456,2014-08-13 07:22:01
10462,2014-08-13 08:22:01
10468,2014-08-13 09:22:01
10474,2014-08-13 10:22:01
10480,2014-08-13 11:22:01
10486,2014-08-13 12:22:01
10492,2014-08-13 13:22:01
10498,2014-08-13 14:22:01
10504,2014-08-13 15:22:01
10510,2014-08-13 16:22:01
10516,2014-08-13 17:22:01
10522,2014-08-13 18:22:01
10528,2014-08-13 19:22:01
10534,2014-08-13 20:22:01
10540,2014-08-13 21:22:01
10546,2014-08-13 22:22:01
10552,2014-08-13 23:22:01
10558,2014-08-14 00:22:01
10564,2014-08-14 01:22:01
10570,2014-08-14 02:22:01
10576,2014-08-14 03:22:01
10582,2014-08-14 04:22:01
10588,2014-08-14 05:22:01
10594,2014-08-14 06:22:01
10600,2014-08-14 07:22:01
10606,2014-08-14 08:22:01
10612,2014-08-14 09:22:01
10618,2014-08-14 10:22:01
10624,2014-08-14 11:22:01
10630,2014-08-14 12:22:01
10636,2014-08-14 13:22:01
10642,2014-08-14 14:22:01
10648,2014-08-14 15:22:01
10654,2014-08-14 16:22:01
10660,2014-08-14 17:22:01
10666,2014-08-14 18:22:01
10672,2014-08-14 19:22:01
10678,2014-08-14 20:22:01
10684,2014-08-14 21:22:01
10690,2014-08-14 22:22:01
10696,2014-08-14 23:22:01
10702,2014-08-15 00:22:01
10708,2014-08-15 01:22:01
10714,2014-08-15 02:22:01
10720,2014-08-15 03:22:01
10726,2014-08-15 04:22:01
10732,2014-08-15 05:22:01
10738,2014-08-15 06:22:01
10744,2014-08-15 07:22:01
10750,2014-08-15 08:22:01
10756,2014-08-15 09:22:01
10762,2014-08-15 10:22:01
10768,2014-08-15 11:22:01
10774,2014-08-15 12:22:01
10780,2014-08-15 13:22:01
10786,2014-08-15 14:22:01
10792,2014-08-15 15:22:01
10798,2014-08-15 16:22:01
10804,2014-08-15 17:22:01
10810,2014-08-15 18:22:01
10816,2014-08-15 19:22:01
10822,2014-08-15 20:22:01
10828,2014-08-15 21:22:01
10834,2014-08-15 22:22:01
10840,2014-08-15 23:22:01
10846,2014-08-16 00:22:01
10852,2014-08-16 01:22:01
10858,2014-08-16 02:22:01
10864,2014-08-16 03:22:01
10870,2014-08-16 04:22:01
10876,2014-08-16 05:22:01
10882,2014-08-16 06:22:01
10888,2014-08-16 07:22:01
10894,2014-08-16 08:22:01
10900,2014-08-16 09:22:01
10906,2014-08-16 10:22:01
10912,2014-08-16 11:22:01
10918,2014-08-16 12:22:01
10924,2014-08-16 13:22:01
10930,2014-08-16 14:22:01
10936,2014-08-16 15:22:01
10942,2014-08-16 16:22:01
10948,2014-08-16 17:22:01
10954,2014-08-16 18:22:01
10960,2014-08-16 19:22:01
10966,2014-08-16 20:22:01
10972,2014-08-16 21:22:01
10978,2014-08-16 22:22:01
10984,2014-08-16 23:22:01
10990,2014-08-17 00:22:01
10996,2014-08-17 01:22:01
11002,2014-08-17 02:22:01
11008,2014-08-17 03:22:01
11014,2014-08-17 04:22:01
11020,2014-08-17 05:22:01
11026,2014-08-17 06:22:01
11032,2014-08-17 07:22:01
11038,2014-08-17 08:22:01
11044,2014-08-17 09:22:01
11050,2014-08-17 10:22:01
11056,2014-08-17 11:22:01
11062,2014-08-17 12:22:01
11068,2014-08-17 13:22:01
11074,2014-08-17 14:22:01
11080,2014-08-17 15:22:01
11086,2014-08-17 16:22:01
11092,2014-08-17 17:22:01
11098,2014-08-17 18:22:01
11104,2014-08-17 19:22:01
11110,2014-08-17 20:22:01
11116,2014-08-17 21:22:01
11122,2014-08-17 22:22:01
11128,2014-08-17 23:22:01
11134,2014-08-18 00:22:01
11140,2014-08-18 01:22:01
11146,2014-08-18 02:22:01
11152,2014-08-18 03:22:01
11158,2014-08-18 04:22:01
11164,2014-08-18 05:22:01
11170,2014-08-18 06:22:01
11176,2014-08-18 07:22:01
11182,2014-08-18 08:22:01
11188,2014-08-18 09:22:01
11194,2014-08-18 10:22:01
11200,2014-08-18 11:22:01
11206,2014-08-18 12:22:01
11212,2014-08-18 13:22:01
11218,2014-08-18 14:22:01
11224,2014-08-18 15:22:01
11230,2014-08-18 16:22:01
11236,2014-08-18 17:22:01
11242,2014-08-18 18:22:01
11248,2014-08-18 19:22:01
11254,2014-08-18 20:22:01
11260,2014-08-18 21:22:01
11266,2014-08-18 22:22:01
11272,2014-08-18 23:22:01
11278,2014-08-19 00:22:01
11284,2014-08-19 01:22:01
11290,2014-08-19 02:22:01
11296,2014-08-19 03:22:01
11302,2014-08-19 04:22:01
11308,2014-08-19 05:22:01
11314,2014-08-19 06:22:01
11320,2014-08-19 07:22:01
11326,2014-08-19 08:22:01
11332,2014-08-19 09:22:01
11338,2014-08-19 10:22:01
11344,2014-08-19 11:22:01
11350,2014-08-19 12:22:01
11356,2014-08-19 13:22:01
11362,2014-08-19 14:22:01
11368,2014-08-19 15:22:01
11374,2014-08-19 16:22:01
11380,2014-08-19 17:22:01
11386,2014-08-19 18:22:01
11392,2014-08-19 19:22:01
11398,2014-08-19 20:22:01
11404,2014-08-19 21:22:01
11410,2014-08-19 22:22:01
11416,2014-08-19 23:22:01
11422,2014-08-20 00:22:01
11428,2014-08-20 01:22:01
11434,2014-08-20 02:22:01
11440,2014-08-20 03:22:01
11446,2014-08-20 04:22:01
11452,2014-08-20 05:22:01
11458,2014-08-20 06:22:01
11464,2014-08-20 07:22:01
11470,2014-08-20 08:22:01
11476,2014-08-20 09:22:01
11482,2014-08-20 10:22:01
11488,2014-08-20 11:22:01
11494,2014-08-20 12:22:01
11500,2014-08-20 13:22:01
11506,2014-08-20 14:22:01
11512,2014-08-20 15:22:01
11518,2014-08-20 16:22:01
11524,2014-08-20 17:22:01
11530,2014-08-20 18:22:01
11536,2014-08-20 19:22:01
11542,2014-08-20 20:22:01
11548,2014-08-20 21:22:01
11554,2014-08-20 22:22:01
11560,2014-08-20 23:22:01
11566,2014-08-21 00:22:01
11572,2014-08-21 01:22:01
11578,2014-08-21 02:22:01
11584,2014-08-21 03:22:01
11590,2014-08-21 04:22:01
11596,2014-08-21 05:22:01
11602,2014-08-21 06:22:01
11608,2014-08-21 07:22:01
11614,2014-08-21 08:22:01
11620,2014-08-21 09:22:01
11626,2014-08-21 10:22:01
11632,2014-08-21 11:22:01
11638,2014-08-21 12:22:01
11644,2014-08-21 13:22:01
11650,2014-08-21 14:22:01
11656,2014-08-21 15:22:01
11662,2014-08-21 16:22:01
11668,2014-08-21 17:22:01
11674,2014-08-21 18:22:01
11680,2014-08-21 19:22:01
11686,2014-08-21 20:22:01
11692,2014-08-21 21:22:01
11698,2014-08-21 22:22:01
11704,2014-08-21 23:22:01
11710,2014-08-22 00:22:01
11716,2014-08-22 01:22:01
11722,2014-08-22 02:22:01
11728,2014-08-22 03:22:01
11734,2014-08-22 04:22:01
11740,2014-08-22 05:22:01
11746,2014-08-22 06:22:01
11752,2014-08-22 07:22:01
11758,2014-08-22 08:22:01
11764,2014-08-22 09:22:01
11770,2014-08-22 10:22:01
11776,2014-08-22 11:22:01
11782,2014-08-22 12:22:01
11788,2014-08-22 13:22:01
11794,2014-08-22 14:22:01
11800,2014-08-22 15:22:01
11806,2014-08-22 16:22:01
11812,2014-08-22 17:22:01
11818,2014-08-22 18:22:01
11824,2014-08-22 19:22:01
11830,2014-08-22 20:22:01
11836,2014-08-22 21:22:01
11842,2014-08-22 22:22:01
11848,2014-08-22 23:22:01
11854,2014-08-23 00:22:01
11860,2014-08-23 01:22:01
11866,2014-08-23 02:22:01
11872,2014-08-23 03:22:01
11878,2014-08-23 04:22:01
11884,2014-08-23 05:22:01
11890,2014-08-23 06:22:01
11896,2014-08-23 07:22:01
11902,2014-08-23 08:22:01
11908,2014-08-23 09:22:01
11914,2014-08-23 10:22:01
11920,2014-08-23 11:22:01
11926,2014-08-23 12:22:01
11932,2014-08-23 13:22:01
11938,2014-08-23 14:22:01
11944,2014-08-23 15:22:01
11950,2014-08-23 16:22:01
11956,2014-08-23 17:22:01
11962,2014-08-23 18:22:01
11968,2014-08-23 19:22:01
11974,2014-08-23 20:22:01
11980,2014-08-23 21:22:01
11986,2014-08-23 22:22:01
11992,2014-08-23 23:22:01
11998,2014-08-24 00:22:01
12004,2014-08-24 01:22:01
12010,2014-08-24 02:22:01
12016,2014-08-24 03:22:01
12022,2014-08-24 04:22:01
12028,2014-08-24 05:22:01
12034,2014-08-24 06:22:01
12040,2014-08-24 07:22:01
12046,2014-08-24 08:22:01
12052,2014-08-24 09:22:01
12058,2014-08-24 10:22:01
12064,2014-08-24 11:22:01
12070,2014-08-24 12:22:01
12076,2014-08-24 13:22:01
12082,2014-08-24 14:22:01
12088,2014-08-24 15:22:01
12094,2014-08-24 16:22:01
12100,2014-08-24 17:22:01
12106,2014-08-24 18:22:01
12112,2014-08-24 19:22:01
12118,2014-08-24 20:22:01
12124,2014-08-24 21:22:01
12130,2014-08-24 22:22:01
12136,2014-08-24 23:22:01
12142,2014-08-25 00:22:01
12148,2014-08-25 01:22:01
12154,2014-08-25 02:22:01
12160,2014-08-25 03:22:01
12166,2014-08-25 04:22:01
12172,2014-08-25 05:22:01
12178,2014-08-25 06:22:01
12184,2014-08-25 07:22:01
12190,2014-08-25 08:22:01
12196,2014-08-25 09:22:01
12202,2014-08-25 10:22:01
12208,2014-08-25 11:22:01
12214,2014-08-25 12:22:01
12220,2014-08-25 13:22:01
12226,2014-08-25 14:22:01
12232,2014-08-25 15:22:01
12238,2014-08-25 16:22:01
12244,2014-08-25 17:22:01
12250,2014-08-25 18:22:01
12256,2014-08-25 19:22:01
12262,2014-08-25 20:22:01
12268,2014-08-25 21:22:01
12274,2014-08-25 22:22:01
12280,2014-08-25 23:22:01
12286,2014-08-26 00:22:01
12292,2014-08-26 01:22:01
12298,2014-08-26 02:22:01
12304,2014-08-26 03:22:01
12310,2014-08-26 04:22:01
12316,2014-08-26 05:22:01
12322,2014-08-26 06:22:01
12328,2014-08-26 07:22:01
12334,2014-08-26 08:22:01
12340,2014-08-26 09:22:01
12346,2014-08-26 10:22:01
12352,2014-08-26 11:22:01
12358,2014-08-26 12:22:01
12364,2014-08-26 13:22:01
12370,2014-08-26 14:22:01
12376,2014-08-26 15:22:01
12382,2014-08-26 16:22:01
12388,2014-08-26 17:22:01
12394,2014-08-26 18:22:01
12400,2014-08-26 19:22:01
12406,2014-08-26 20:22:01
12412,2014-08-26 21:22:01
12418,2014-08-26 22:22:01
12424,2014-08-26 23:22:01
12430,2014-08-27 00:22:01
12436,2014-08-27 01:22:01
12442,2014-08-27 02:22:01
12448,2014-08-27 03:22:01
12454,2014-08-27 04:22:01
12460,2014-08-27 05:22:01
12466,2014-08-27 06:22:01
12472,2014-08-27 07:22:01
12478,2014-08-27 08:22:01
12484,2014-08-27 09:22:01
12490,2014-08-27 10:22:01
12496,2014-08-27 11:22:01
12502,2014-08-27 12:22:01
12508,2014-08-27 13:22:01
12514,2014-08-27 14:22:01
12520,2014-08-27 15:22:01
12526,2014-08-27 16:22:01
12532,2014-08-27 17:22:01
12538,2014-08-27 18:22:01
12544,2014-08-27 19:22:01
12550,2014-08-27 20:22:01
12556,2014-08-27 21:22:01
12562,2014-08-27 22:22:01
12568,2014-08-27 23:22:01
12574,2014-08-28 00:22:01
12580,2014-08-28 01:22:01
12586,2014-08-28 02:22:01
12592,2014-08-28 03:22:01
12598,2014-08-28 04:22:01
12604,2014-08-28 05:22:01
12610,2014-08-28 06:22:01
12616,2014-08-28 07:22:01
12622,2014-08-28 08:22:01
12628,2014-08-28 09:22:01
12634,2014-08-28 10:22:01
12640,2014-08-28 11:22:01
12646,2014-08-28 12:22:01
12652,2014-08-28 13:22:01
12658,2014-08-28 14:22:01
12664,2014-08-28 15:22:01
12670,2014-08-28 16:22:01
12676,2014-08-28 17:22:01
12682,2014-08-28 18:22:01
12688,2014-08-28 19:22:01
12694,2014-08-28 20:22:01
12700,2014-08-28 21:22:01
12706,2014-08-28 22:22:01
12712,2014-08-28 23:22:01
12718,2014-08-29 00:22:01
12724,2014-08-29 01:22:01
12730,2014-08-29 02:22:01
12736,2014-08-29 03:22:01
12742,2014-08-29 04:22:01
12748,2014-08-29 05:22:01
12754,2014-08-29 06:22:01
12760,2014-08-29 07:22:01
12766,2014-08-29 08:22:01
12772,2014-08-29 09:22:01
12778,2014-08-29 10:22:01
12784,2014-08-29 11:22:01
12790,2014-08-29 12:22:01
12796,2014-08-29 13:22:01
12802,2014-08-29 14:22:01
12808,2014-08-29 15:22:01
12814,2014-08-29 16:22:01
12820,2014-08-29 17:22:01
12826,2014-08-29 18:22:01
12832,2014-08-29 19:22:01
12838,2014-08-29 20:22:01
12844,2014-08-29 21:22:01
12850,2014-08-29 22:22:01
12856,2014-08-29 23:22:01
12862,2014-08-30 00:22:01
12868,2014-08-30 01:22:01
12874,2014-08-30 02:22:01
12880,2014-08-30 03:22:01
12886,2014-08-30 04:22:01
12892,2014-08-30 05:22:01
12898,2014-08-30 06:22:01
12904,2014-08-30 07:22:01
12910,2014-08-30 08:22:01
12916,2014-08-30 09:22:01
12922,2014-08-30 10:22:01
12928,2014-08-30 11:22:01
12934,2014-08-30 12:22:01
12940,2014-08-30 13:22:01
12946,2014-08-30 14:22:01
12952,2014-08-30 15:22:01
12958,2014-08-30 16:22:01
12964,2014-08-30 17:22:01
12970,2014-08-30 18:22:01
12976,2014-08-30 19:22:01
12982,2014-08-30 20:22:01
12988,2014-08-30 21:22:01
12994,2014-08-30 22:22:01
13000,2014-08-30 23:22:01
13006,2014-08-31 00:22:01
13012,2014-08-31 01:22:01
13018,2014-08-31 02:22:01
13024,2014-08-31 03:22:01
13030,2014-08-31 04:22:01
13036,2014-08-31 05:22:01
13042,2014-08-31 06:22:01
13048,2014-08-31 07:22:01
13054,2014-08-31 08:22:01
13060,2014-08-31 09:22:01
13066,2014-08-31 10:22:01
13072,2014-08-31 11:22:01
13078,2014-08-31 12:22:01
13084,2014-08-31 13:22:01
13090,2014-08-31 14:22:01
13096,2014-08-31 15:22:01
13102,2014-08-31 16:22:01
13108,2014-08-31 17:22:01
13114,2014-08-31 18:22:01
13120,2014-08-31 19:22:01
13126,2014-08-31 20:22:01
13132,2014-08-31 21:22:01
13138,2014-08-31 22:22:01
13144,2014-08-31 23:22:01
13150,2014-09-01 00:22:01
13156,2014-09-01 01:22:01
13162,2014-09-01 02:22:01
13168,2014-09-01 03:22:01
13174,2014-09-01 04:22:01
13180,2014-09-01 05:22:01
13186,2014-09-01 06:22:01
13192,2014-09-01 07:22:01
13198,2014-09-01 08:22:01
13204,2014-09-01 09:22:01
13210,2014-09-01 10:22:01
13216,2014-09-01 11:22:01
13222,2014-09-01 12:22:01
13228,2014-09-01 13:22:01
13234,2014-09-01 14:22:01
13240,2014-09-01 15:22:01
13246,2014-09-01 16:22:01
13252,2014-09-01 17:22:01
13258,2014-09-01 18:22:01
13264,2014-09-01 19:22:01
13270,2014-09-01 20:22:01
13276,2014-09-01 21:22:01
13282,2014-09-01 22:22:01
13288,2014-09-01 23:22:01
13294,2014-09-02 00:22:01
13300,2014-09-02 01:22:01
13306,2014-09-02 02:22:01
13312,2014-09-02 03:22:01
13318,2014-09-02 04:22:01
13324,2014-09-02 05:22:01
13330,2014-09-02 06:22:01
13336,2014-09-02 07:22:01
13342,2014-09-02 08:22:01
13348,2014-09-02 09:22:01
13354,2014-09-02 10:22:01
13360,2014-09-02 11:22:01
13366,2014-09-02 12:22:01
13372,2014-09-02 13:22:01
13378,2014-09-02 14:22:01
13384,2014-09-02 15:22:01
13390,2014-09-02 16:22:01
13396,2014-09-02 17:22:01
13402,2014-09-02 18:22:01
13408,2014-09-02 19:22:01
13414,2014-09-02 20:22:01
13420,2014-09-02 21:22:01
13426,2014-09-02 22:22:01
13432,2014-09-02 23:22:01
13438,2014-09-03 00:22:01
13444,2014-09-03 01:22:01
13450,2014-09-03 02:22:01
13456,2014-09-03 03:22:01
13462,2014-09-03 04:22:01
13468,2014-09-03 05:22:01
13474,2014-09-03 06:22:01
13480,2014-09-03 07:22:01
13486,2014-09-03 08:22:01
13492,2014-09-03 09:22:01
13498,2014-09-03 10:22:01
13504,2014-09-03 11:22:01
13510,2014-09-03 12:22:01
13516,2014-09-03 13:22:01
13522,2014-09-03 14:22:01
13528,2014-09-03 15:22:01
13534,2014-09-03 16:22:01
13540,2014-09-03 17:22:01
13546,2014-09-03 18:22:01
13552,2014-09-03 19:22:01
13558,2014-09-03 20:22:01
13564,2014-09-03 21:22:01
13570,2014-09-03 22:22:01
13576,2014-09-03 23:22:01
13582,2014-09-04 00:22:01
13588,2014-09-04 01:22:01
13594,2014-09-04 02:22:01
13600,2014-09-04 03:22:01
13606,2014-09-04 04:22:01
13612,2014-09-04 05:22:01
13618,2014-09-04 06:22:01
13624,2014-09-04 07:22:01
13630,2014-09-04 08:22:01
13636,2014-09-04 09:22:01
13642,2014-09-04 10:22:01
13648,2014-09-04 11:22:01
13654,2014-09-04 12:22:01
13660,2014-09-04 13:22:01
13666,2014-09-04 14:22:01
13672,2014-09-04 15:22:01
13678,2014-09-04 16:22:01
13684,2014-09-04 17:22:01
13690,2014-09-04 18:22:01
13696,2014-09-04 19:22:01
13702,2014-09-04 20:22:01
13708,2014-09-04 21:22:01
13714,2014-09-04 22:22:01
13720,2014-09-04 23:22:01
13726,2014-09-05 00:22:01
13732,2014-09-05 01:22:01
13738,2014-09-05 02:22:01
13744,2014-09-05 03:22:01
13750,2014-09-05 04:22:01
13756,2014-09-05 05:22:01
13762,2014-09-05 06:22:01
13768,2014-09-05 07:22:01
13774,2014-09-05 08:22:01
13780,2014-09-05 09:22:01
13786,2014-09-05 10:22:01
13792,2014-09-05 11:22:01
13798,2014-09-05 12:22:01
13804,2014-09-05 13:22:01
13810,2014-09-05 14:22:01
13816,2014-09-05 15:22:01
13822,2014-09-05 16:22:01
13828,2014-09-05 17:22:01
13834,2014-09-05 18:22:01
13840,2014-09-05 19:22:01
13846,2014-09-05 20:22:01
13852,2014-09-05 21:22:01
13858,2014-09-05 22:22:01
13864,2014-09-05 23:22:01
13870,2014-09-06 00:22:01
13876,2014-09-06 01:22:01
13882,2014-09-06 02:22:01
13888,2014-09-06 03:22:01
13894,2014-09-06 04:22:01
13900,2014-09-06 05:22:01
13906,2014-09-06 06:22:01
13912,2014-09-06 07:22:01
13918,2014-09-06 08:22:01
13924,2014-09-06 09:22:01
13930,2014-09-06 10:22:01
13936,2014-09-06 11:22:01
13942,2014-09-06 12:22:01
13948,2014-09-06 13:22:01
13954,2014-09-06 14:22:01
13960,2014-09-06 15:22:01
13966,2014-09-06 16:22:01
13972,2014-09-06 17:22:01
13978,2014-09-06 18:22:01
13984,2014-09-06 19:22:01
13990,2014-09-06 20:22:01
13996,2014-09-06 21:22:01
14002,2014-09-06 22:22:01
14008,2014-09-06 23:22:01
14014,2014-09-07 00:22:01
14020,2014-09-07 01:22:01
14026,2014-09-07 02:22:01
14032,2014-09-07 03:22:01
14038,2014-09-07 04:22:01
14044,2014-09-07 05:22:01
14050,2014-09-07 06:22:01
14056,2014-09-07 07:22:01
14062,2014-09-07 08:22:01
14068,2014-09-07 09:22:01
14074,2014-09-07 10:22:01
14080,2014-09-07 11:22:01
14086,2014-09-07 12:22:01
14092,2014-09-07 13:22:01
14098,2014-09-07 14:22:01
14104,2014-09-07 15:22:01
14110,2014-09-07 16:22:01
14116,2014-09-07 17:22:01
14122,2014-09-07 18:22:01
14128,2014-09-07 19:22:01
14134,2014-09-07 20:22:01
14140,2014-09-07 21:22:01
14146,2014-09-07 22:22:01
14152,2014-09-07 23:22:01
14158,2014-09-08 00:22:01
14164,2014-09-08 01:22:01
14170,2014-09-08 02:22:01
14176,2014-09-08 03:22:01
14182,2014-09-08 04:22:01
14188,2014-09-08 05:22:01
14194,2014-09-08 06:22:01
14200,2014-09-08 07:22:01
14206,2014-09-08 08:22:01
14212,2014-09-08 09:22:01
14218,2014-09-08 10:22:01
14224,2014-09-08 11:22:01
14230,2014-09-08 12:22:01
14236,2014-09-08 13:22:01
14242,2014-09-08 14:22:01
14248,2014-09-08 15:22:01
14254,2014-09-08 16:22:01
14260,2014-09-08 17:22:01
14266,2014-09-08 18:22:01
14272,2014-09-08 19:22:01
14278,2014-09-08 20:22:01
14284,2014-09-08 21:22:01
14290,2014-09-08 22:22:01
14296,2014-09-08 23:22:01
14302,2014-09-09 00:22:01
14308,2014-09-09 01:22:01
14314,2014-09-09 02:22:01
14320,2014-09-09 03:22:01
14326,2014-09-09 04:22:01
14332,2014-09-09 05:22:01
14338,2014-09-09 06:22:01
14344,2014-09-09 07:22:01
14350,2014-09-09 08:22:01
14356,2014-09-09 09:22:01
14362,2014-09-09 10:22:01
14368,2014-09-09 11:22:01
14374,2014-09-09 12:22:01
14380,2014-09-09 13:22:01
14386,2014-09-09 14:22:01
14392,2014-09-09 15:22:01
14398,2014-09-09 16:22:01
14404,2014-09-09 17:22:01
14410,2014-09-09 18:22:01
14416,2014-09-09 19:22:01
14422,2014-09-09 20:22:01
14428,2014-09-09 21:22:01
14434,2014-09-09 22:22:01
14440,2014-09-09 23:22:01
14446,2014-09-10 00:22:01
14452,2014-09-10 01:22:01
14458,2014-09-10 02:22:01
14464,2014-09-10 03:22:01
14470,2014-09-10 04:22:01
14476,2014-09-10 05:22:01
14482,2014-09-10 06:22:01
14488,2014-09-10 07:22:01
14494,2014-09-10 08:22:01
14500,2014-09-10 09:22:01
14506,2014-09-10 10:22:01
14512,2014-09-10 11:22:01
14518,2014-09-10 12:22:01
14524,2014-09-10 13:22:01
14530,2014-09-10 14:22:01
14536,2014-09-10 15:22:01
14542,2014-09-10 16:22:01
14548,2014-09-10 17:22:01
14554,2014-09-10 18:22:01
14560,2014-09-10 19:22:01
14566,2014-09-10 20:22:01
14572,2014-09-10 21:22:01
14578,2014-09-10 22:22:01
14584,2014-09-10 23:22:01
14590,2014-09-11 00:22:01
14596,2014-09-11 01:22:01
14602,2014-09-11 02:22:01
14608,2014-09-11 03:22:01
14614,2014-09-11 04:22:01
14620,2014-09-11 05:22:01
14626,2014-09-11 06:22:01
14632,2014-09-11 07:22:01
14638,2014-09-11 08:22:01
14644,2014-09-11 09:22:01
14650,2014-09-11 10:22:01
14656,2014-09-11 11:22:01
14662,2014-09-11 12:22:01
14668,2014-09-11 13:22:01
14674,2014-09-11 14:22:01
14680,2014-09-11 15:22:01
14686,2014-09-11 16:22:01
14692,2014-09-11 17:22:01
14698,2014-09-11 18:22:01
14704,2014-09-11 19:22:01
14710,2014-09-11 20:22:01
14716,2014-09-11 21:22:01
14722,2014-09-11 22:22:01
14728,2014-09-11 23:22:01
14734,2014-09-12 00:22:01
14740,2014-09-12 01:22:01
14746,2014-09-12 02:22:01
14752,2014-09-12 03:22:01
14758,2014-09-12 04:22:01
14764,2014-09-12 05:22:01
14770,2014-09-12 06:22:01
14776,2014-09-12 07:22:01
14782,2014-09-12 08:22:01
14788,2014-09-12 09:22:01
14794,2014-09-12 10:22:01
14800,2014-09-12 11:22:01
14806,2014-09-12 12:22:01
14812,2014-09-12 13:22:01
14818,2014-09-12 14:22:01
14824,2014-09-12 15:22:01
14830,2014-09-12 16:22:01
14836,2014-09-12 17:22:01
14842,2014-09-12 18:22:01
14848,2014-09-12 19:22:01
14854,2014-09-12 20:22:01
14860,2014-09-12 21:22:01
14866,2014-09-12 22:22:01
14872,2014-09-12 23:22:01
14878,2014-09-13 00:22:01
14884,2014-09-13 01:22:01
14890,2014-09-13 02:22:01
14896,2014-09-13 03:22:01
14902,2014-09-13 04:22:01
14908,2014-09-13 05:22:01
14914,2014-09-13 06:22:01
14920,2014-09-13 07:22:01
14926,2014-09-13 08:22:01
14932,2014-09-13 09:22:01
14938,2014-09-13 10:22:01
14944,2014-09-13 11:22:01
14950,2014-09-13 12:22:01
14956,2014-09-13 13:22:01
14962,2014-09-13 14:22:01
14968,2014-09-13 15:22:01
14974,2014-09-13 16:22:01
14980,2014-09-13 17:22:01
14986,2014-09-13 18:22:01
14992,2014-09-13 19:22:01
14998,2014-09-13 20:22:01
15004,2014-09-13 21:22:01
15010,2014-09-13 22:22:01
15016,2014-09-13 23:22:01
15022,2014-09-14 00:22:01
15028,2014-09-14 01:22:01
15034,2014-09-14 02:22:01
15040,2014-09-14 03:22:01
15046,2014-09-14 04:22:01
15052,2014-09-14 05:22:01
15058,2014-09-14 06:22:01
15064,2014-09-14 07:22:01
15070,2014-09-14 08:22:01
15076,2014-09-14 09:22:01
15082,2014-09-14 10:22:01
15088,2014-09-14 11:22:01
